{
	"rules": {
		"align": [
			true,
			"parameters",
			"arguments",
			"statements"
		],
		"ban": false,
		"class-name": true,
		"comment-format": [
			true,
			"check-space",
			"check-uppercase"
		],
		"curly": true,
		"eofline": true,
		"forin": true,
		"indent": [
			true,
			"tabs"
		],
		"interface-name": [
			true,
			"never-prefix"
		],
		"jsdoc-format": true,
		"label-position": true,
		"label-undefined": true,
		"max-line-length": [
			true,
			140
		],
		"member-access": true,
		"member-ordering": [
			true,
			"public-before-private",
			"static-before-instance",
			"variables-before-functions"
		],
		"no-angle-bracket-type-assertion": true,
		"no-any": false,
		"no-arg": true,
		"no-bitwise": true,
		"no-conditional-assignment": true,
		"no-consecutive-blank-lines": true,
		"no-console": false,
		"no-construct": true,
		"no-constructor-vars": true,
		"no-debugger": true,
		"no-duplicate-key": true,
		"no-duplicate-variable": true,
		"no-empty": true,
		"no-eval": true,
		"no-inferrable-types": false,
		"no-internal-module": true,
		"no-null-keyword": true,
		"no-require-imports": true,
		"no-shadowed-variable": true,
		"no-string-literal": true,
		"no-switch-case-fall-through": true,
		"no-trailing-whitespace": true,
		"no-unreachable": true,
		"no-unused-expression": true,
		"no-unused-variable": true,
		"no-use-before-declare": true,
		"no-var-keyword": true,
		"no-var-requires": true,
		"object-literal-sort-keys": true,
		"one-line": [
			true,
			"check-open-brace",
			"check-catch",
			"check-else",
			"check-finally",
			"check-whitespace"
		],
		"quotemark": [
			true,
			"double",
			"avoid-escape"
		],
		"radix": true,
		"semicolon": [
			true,
			"always"
		],
		"switch-default": true,
		"trailing-comma": [
			false
		],
		"triple-equals": [
			true
		],
		"typedef": [
			true,
			"call-signature",
			"parameter",
			"arrow-parameter",
			"property-declaration",
			"variable-declaration",
			"member-variable-declaration"
		],
		"typedef-whitespace": [
			true,
			{
				"call-signature": "nospace",
				"index-signature": "nospace",
				"parameter": "nospace",
				"property-declaration": "nospace",
				"variable-declaration": "nospace"
			},
			{
				"call-signature": "space",
				"index-signature": "space",
				"parameter": "space",
				"property-declaration": "space",
				"variable-declaration": "space"
			}
		],
		"use-strict": [
			true,
			"check-module",
			"check-function"
		],
		"variable-name": [
			true,
			"check-format",
			"allow-leading-underscore",
			"ban-keywords"
		],
		"whitespace": [
			true,
			"check-branch",
			"check-decl",
			"check-operator",
			"check-separator",
			"check-type"
		]
	}
}